{
    "recentedits": [
        {
            "docname": "CommonWiki:대문",
            "editor": {
                "id": "실험용 첫 아이디",
                "pw": "password",
                "admin_level": 0,
                "isadmin": true,
                "perm": {
                    "design": true
                },
                "banned": false,
                "ipaddress": "아이피주소",
                "date": "2024년 0월 29일 17시 43분 39.585초"
            },
            "date": "2024년 0월 29일 17시 43분 39.593초"
        }
    ]
}